Смарт-часы DEXP FW1;599
Смарт-часы Maxvi SW-01;799
Смарт-часы IRBIS IceLine;899
Смарт-часы IRBIS Moon;899
Смарт-часы IRBIS Орион;899
Смарт-часы IRBIS Clock;1099
Смарт-часы GEOZON Runner + доп. ремешок;1299
Смарт-часы Ritmix RFB-550;1299
Смарт-часы Welbe Effect;1350
Смарт-часы DEXP A1;1450
Смарт-часы Welbe Slim;1450
Смарт-часы DEXP Watch Fit SW86;1650
Смарт-часы Kepup W200;1699
Смарт-часы Mibro C2;1750
Смарт-часы Lenovo E1 Pro;1799
Смарт-часы IRBIS Ambition;1899
Смарт-часы JET Senior Care;1899
Смарт-часы JET Sport SW-1;1899
Смарт-часы IRBIS Сириус;1999
Смарт-часы Mibro Color;1999
Смарт-часы TFN BLAST;1999
Смарт-часы Welbe Smart;1999
Смарт-часы Mibro A1;2050
Смарт-часы GEOZON Marathon;2099
Смарт-часы Ritmix RFB-480;2099
Смарт-часы Haylou LS09B-GST;2199
Смарт-часы GEOZON Fly;2250
Смарт-часы Colmi P28 Plus;2299
Смарт-часы IMILAB KW66 + доп. ремешок;2299
Смарт-часы Welbe Prime;2299
Смарт-часы Canyon Sanchal SW-73 + доп. ремешок;2399
Смарт-часы DEXP P40;2899
Смарт-часы Haylou GST Lite;2399
Смарт-часы Smarterra FitMaster Urban;2599
Смарт-часы BQ Watch 1.3;2450
Смарт-часы BQ Watch 1.4;2450
Смарт-часы Aimoto Voyager R2;2499
Смарт-часы Colmi C61;2499
Смарт-часы Colmi C60;2599
Смарт-часы Digma Smartline E3;2599
Смарт-часы GEOZON Leader;2599
Смарт-часы Haylou Smart Watch 2 LS02;2599
Смарт-часы IRBIS Evolution;2599
Смарт-часы Haylou Solar LS05;2650
Смарт-часы Colmi i10;2699
Смарт-часы Canyon Wildberry SW-74;2799
Смарт-часы Haylou RT LS05S;2799
Смарт-часы Hoco Y4;2850
Смарт-часы Kieslect L11;2899
Смарт-часы Kieslect L11 + доп. ремешок;2899
Смарт-часы Colmi i20;2999
Смарт-часы Kieslect L11 Pro;2999
Смарт-часы Canyon Barberry SW-79;3099
Смарт-часы TicWatch GTH 2;3099
Смарт-часы Canyon Salt SW-78;3199
Смарт-часы Mibro T1;3199
Смарт-часы Kieslect K11;3299
Смарт-часы Haylou LS12-RS4;3399
Смарт-часы Kieslect KR;3399
Смарт-часы Leef Andora;3499
Смарт-часы Leef Sirius;3499
Смарт-часы ZDK DT1;3499
Смарт-часы Kieslect L13 Lora + доп. ремешок;4499
Смарт-часы Mibro Watch X1;3699
Смарт-часы Mibro Lite2 + доп. ремешок;3899
Смарт-часы Amazfit Bip 3;3999
Смарт-часы Kieslect K11 Pro;3999
Смарт-часы Kieslect KR Pro + доп. ремешок;3999
Смарт-часы POCO Watch;3999
Смарт-часы ZDK ZX19;3999
Смарт-часы realme Watch 2;3999
Смарт-часы realme Watch S100;3999
Смарт-часы Кнопка Жизни Aimoto Classic;4099
Смарт-часы Haylou LS11-RS4 Plus (магнитный ремешок);4799
Смарт-часы Haylou RS3;4399
Смарт-часы Leef Meteor;4499
Смарт-часы Dizo Watch 2;4599
Смарт-часы Haylou LS11;5399
Смарт-часы Xiaomi Redmi Watch 2 Lite;4599
Смарт-часы Amazfit Bip 3 Pro;4699
Смарт-часы HUAWEI WATCH FIT;4999
Смарт-часы Leef Planex;4999
Смарт-часы Amazfit GTS 2 mini;5299
Смарт-часы Mibro GS;5399
Смарт-часы 70mai Maimo Watch R;5499
Смарт-часы 70Mai Maimo Watch R GPS;5999
Смарт-часы HONOR Watch ES;5999
Смарт-часы Reflex Active RA03-2042;6999
Смарт-часы realme Watch 3 Pro;6999
Смарт-часы Reflex Active RA03-2040;7199
Смарт-часы Amazfit GTS 4 mini;7499
Смарт-часы HUAWEI WATCH GT 2 42mm;7499
Смарт-часы Xiaomi Redmi Watch 3;7499
Смарт-часы Amazfit GTS 2e;8699
Смарт-часы Reflex Active RA03-4012;7999
Смарт-часы Reflex Active RA03-4028;7999
Смарт-часы Amazfit GTR 2;8899
Смарт-часы Amazfit GTR 2 New;8999
Смарт-часы Amazfit GTS 2;10699
Смарт-часы Amazfit GTS 2 New;8999
Смарт-часы HUAWEI WATCH FIT 2 Active Edition;8999
Смарт-часы OPPO Watch 41mm;9399
Смарт-часы Zepp E;9699
Смарт-часы Amazfit GTR Mini;9999
Смарт-часы HONOR MagicWatch 2 42mm;11999
Смарт-часы TicWatch E3;9999
Смарт-часы Amazfit GTR 3;10999
Смарт-часы Amazfit GTS 3;10999
Смарт-часы HONOR MagicWatch 2 46mm;10999
Смарт-часы HUAWEI WATCH FIT 2 Classic Edition;10999
Смарт-часы HUAWEI WATCH GT Runner;11699
Смарт-часы Amazfit GTR 3 Pro;11999
Смарт-часы Xiaomi Watch S1 Active;12199
Смарт-часы Amazfit T-Rex Pro;12999
Смарт-часы TicWatch Pro 3 GPS;13399
Смарт-часы Amazfit GTR 4;13999
Смарт-часы Amazfit GTS 4;13999
Смарт-часы HUAWEI WATCH GT 3 SE;13999
Смарт-часы FOSSIL Venture HR;14699
Смарт-часы Samsung Galaxy Watch4 40mm;14999
Смарт-часы Samsung Galaxy Watch4 44mm;17499
Смарт-часы Amazfit T-Rex 2;15999
Смарт-часы Xiaomi Watch S1 + доп. ремешок;15999
Смарт-часы Motorola Moto 360 + доп. ремешок;16699
Смарт-часы TicWatch Pro 3 Ultra GPS;17699
Смарт-часы HUAWEI WATCH GT 3 42mm;18999
Смарт-часы HUAWEI WATCH GT 3 46mm;16999
Смарт-часы Samsung Galaxy Watch4 Classic 42mm;16999
Смарт-часы Diesel Axial;18699
Смарт-часы Samsung Galaxy Watch5 40mm;20699
Смарт-часы Samsung Galaxy Watch5 44mm;22299
Смарт-часы Samsung Galaxy Watch Active2 40mm;20699
Смарт-часы Samsung Galaxy Watch4 Classic 46mm;19999
Смарт-часы Samsung Galaxy Watch4 LTE 40mm;20599
Смарт-часы HUAWEI WATCH GT 3 Pro Titanium;20999
Смарт-часы TicWatch Pro 3 Ultra LTE;21699
Смарт-часы HUAWEI WATCH 3;22999
Смарт-часы Samsung Galaxy Watch3 41mm;22999
Смарт-часы Samsung Galaxy Watch3 45mm;23999
Смарт-часы Samsung Galaxy Watch5 LTE 40mm;24999
Смарт-часы Xiaomi Watch S1 Pro;24999
Смарт-часы HUAWEI WATCH GT 3 Pro Ceramic;32999
Смарт-часы Samsung Galaxy Watch5 LTE 44mm;27499
Смарт-часы Google Pixel Watch;27599
Смарт-часы Apple Watch SE 2022 40mm;31299
Смарт-часы Samsung Galaxy Watch4 Classic LTE 46mm;28999
Смарт-часы Samsung Galaxy Watch5 Pro;29999
Смарт-часы HUAWEI WATCH 3 Pro;29999
Смарт-часы HUAWEI WATCH D;29999
Смарт-часы Apple Watch SE 2022 44mm;33299
Смарт-часы HUAWEI WATCH 4;31999
Смарт-часы HUAWEI WATCH 4 Pro;44999
Смарт-часы HUAWEI WATCH Buds;34999
Смарт-часы Garmin Instinct 2S;36999
Смарт-часы Apple Watch Series 8 41mm;41999
Смарт-часы Apple Watch Series 7 45mm;43299
Смарт-часы Apple Watch Series 8 45mm;46299
Смарт-часы Samsung Galaxy Watch5 Pro LTE;40799
Смарт-часы Garmin Venu 2s;41299
Смарт-часы Apple Watch Ultra 49mm;89799
